title,link,date
Write a Better Business Blog: How to Draw Your Audience In
,https://blog.union.co/write-better-business-blog
,,"In Strategy Insights by Katie Toussaint on January 03, 2019"
Optimize Your Email Marketing for Lead Generation,,
,https://blog.union.co/optimize-your-email-marketing-for-lead-generation,
,,"In Strategy Insights by Halley Theorin on December 21, 2018"
White Paper: 2019 Digital Marketing Trends,,
,https://blog.union.co/white-paper-2019-digital-marketing-trends,
,,"In Strategy Insights by Banks Wilson on December 10, 2018"
White Paper: Digital Storytelling to Enhance Content,,
,https://blog.union.co/white-paper-digital-storytelling,
,,"In Strategy Insights by Halley Theorin on November 30, 2018"
Advertising Week 2018: 3 Takeaways Not to Sleep On,,
,https://blog.union.co/advertising-week-2018-3-big-takeaways-not-to-sleep-on,
,,"In Strategy Insights,Insider by Evan Alexander on November 12, 2018"
Is YouTube Marketing Essential For Your Brand?,,
,https://blog.union.co/is-youtube-marketing-essential-for-your-brand,
,,"In Strategy Insights by Banks Wilson on October 22, 2018"
SEO Guide To Cracking Amazon's Search Engine,,
,https://blog.union.co/seo-guide-to-cracking-amazon-search-engine,
,,"In Strategy Insights by Kelsey Lee on October 01, 2018"
Does Your Brand Message Still Matter?,,
,https://blog.union.co/does-your-brand-message-still-matter,
,,"In Strategy Insights by Megan Carrigan on September 12, 2018"
White Paper: Online Reputation Management,,
,https://blog.union.co/white-paper-online-brand-reputation-management,
,,"In Strategy Insights by Evan Alexander on August 31, 2018"
Has the Programmatic Buzz Worn Off?,,
,https://blog.union.co/has-the-programmatic-buzz-worn-off,
,,"In Strategy Insights by Evan Alexander on August 22, 2018"
See Yourself Here: Augmented Reality Marketing & Brand Strategy,,
,https://blog.union.co/augmented-reality-marketing-brand-strategy,
,,"In Strategy Insights by Banks Wilson on August 06, 2018"
Advantages of Working With a Google Premier Partner,,
,https://blog.union.co/advantages-of-working-with-a-google-premier-partner,
,,"In Strategy Insights by Halley Theorin on July 25, 2018"
How Design Thinking Can Reboot Your Brand's Campaign Creation,,
,https://blog.union.co/how-design-thinking-can-reboot-your-brands-campaign-creation,
,,"In Strategy Insights by Matt Taylor on July 13, 2018"
White Paper: What SEO Services Can and Can't Do For Your Business,,
,https://blog.union.co/white-paper-what-seo-services-can-and-cant-do-for-your-business,
,,"In Strategy Insights by Matt Ashbridge on June 28, 2018"
Press Release: Leading Digital Agencies UNION and Myjive Merge,,
,https://blog.union.co/leading-digital-agencies-union-and-myjive-merge,
,,"In Company News by Union on June 14, 2018"
Announcing the 2018 Digital Marketing Scholarship Winner!,,
,https://blog.union.co/announcing-the-2018-digital-marketing-scholarship-winner-0,
,,"In Company News by Banks Wilson on June 06, 2018"
How to Navigate the New Rules of Instagram Ads,,
,https://blog.union.co/how-to-navigate-the-new-rules-of-instagram-ads,
,,"In Strategy Insights by Evan Alexander on May 30, 2018"
Is Your Brand Overlooking Information Architecture?,,
,https://blog.union.co/is-your-brand-overlooking-information-architecture,
,,"In Strategy Insights by Banks Wilson on May 23, 2018"
Five B2C Content Marketing Challenges Brands Must Face Online,,
,https://blog.union.co/five-b2c-content-marketing-challenges-brands-must-face-online,
,,"In Strategy Insights by Matt Ashbridge on April 30, 2018"
Marketing in a Regulated Industry? Here's How to Grow Your Brand Online,,
,https://blog.union.co/tips-for-digital-marketing-in-a-regulated-industry,
,,"In Strategy Insights by John Pope on April 11, 2018"
Marketing in the Age of Fake News: Optimizing Content for the Facebook Algorithm Change,,
,https://blog.union.co/optimizing-content-for-the-facebook-algorithm-change,
,,"In Strategy Insights by Chace Black on March 28, 2018"
Announcing the 2018 Kelly Somey Digital Marketing Scholarship,,
,https://blog.union.co/kelly-somey-digital-marketing-scholarship-2018,
,,"In Company News by Banks Wilson on March 23, 2018"
OK Google: Why Should I Optimize My Site for Voice Search?,,
,https://blog.union.co/ok-google-why-should-i-optimize-my-site-for-voice-search,
,,"In Strategy Insights by Banks Wilson on March 06, 2018"
Usability Testing Best Practices: Revolutionizing Your Next Rollout,,
,https://blog.union.co/usability-testing-best-practices-a-step-by-step-guide-to-revolutionizing-your-next-rollout,
,,"In Strategy Insights by Melanie Jackson on February 05, 2018"
Can Your Brand Close the Marketing Talent Gap?,,
,https://blog.union.co/can-your-brand-close-the-marketing-talent-gap,
,,"In Insider by Christy Holland on January 05, 2018"
5 Digital Marketing Trends to Watch in 2018,,
,https://blog.union.co/5-digital-marketing-trends-to-watch-in-2018,
,,"In Strategy Insights by Christy Dukes on December 07, 2017"
8 Ways To Improve Your Mobile Customer Experience This Holiday Season,,
,https://blog.union.co/8-ways-to-improve-your-mobile-customer-experience-this-holiday-season,
,,"In Strategy Insights by Banks Wilson on November 20, 2017"
UNION Becomes Google Premier Partner,,
,https://blog.union.co/union-becomes-google-premier-partner,
,,"In Company News by Christy Dukes on October 10, 2017"
New Digital Platform Launches For Entec Polymers,,
,https://blog.union.co/new-digital-platform-launches-for-entec-polymers,
,,"In Recent Work by Emily Ayers on October 06, 2017"
Why Brands Can No Longer Separate Content & SEO,,
,https://blog.union.co/why-brands-can-no-longer-separate-content-seo,
,,"In Strategy Insights by Banks Wilson on September 12, 2017"
Finding the Right Influencer For Your Brand,,
,https://blog.union.co/finding-the-right-influencer-for-your-brand,
,,"In Strategy Insights by Matt Ashbridge on August 23, 2017"
Digital Platform Launches for American Forest Management,,
,https://blog.union.co/digital-platform-launches-for-american-forest-management,
,,"In Recent Work by Mallory Starnes on July 26, 2017"
Why Your Brand Needs To Be Live Streaming Video,,
,https://blog.union.co/why-your-brand-needs-to-be-live-streaming-video,
,,"In Strategy Insights by Banks Wilson on July 03, 2017"
Charlotte High School Student Visits UNION,,
,https://blog.union.co/charlotte-high-school-student-visits-digital-agency,
,,"In Culture by John Pope on June 08, 2017"
Building Customer Loyalty Programs That Work In Digital,,
,https://blog.union.co/building-customer-loyalty-programs-that-work-in-digital,
,,"In Strategy Insights by Josh Price on May 30, 2017"
Announcing the 2017 Digital Marketing Scholarship Winner!,,
,https://blog.union.co/announcing-the-2017-digital-marketing-scholarship-winner,
,,"In Company News by Banks Wilson on May 04, 2017"
How Location-Based Mobile Marketing Drives Sales,,
,https://blog.union.co/how-location-based-mobile-marketing-drives-sales,
,,"In Strategy Insights by Matt Ashbridge on April 26, 2017"
Embracing The Customer Journey of Mobile Visitors,,
,https://blog.union.co/embracing-the-customer-journey-of-mobile-visitors,
,,"In Strategy Insights by Banks Wilson on April 12, 2017"
The Future of Mobile Video Advertising,,
,https://blog.union.co/the-future-of-mobile-video-advertising,
,,"In Strategy Insights by Christy Dukes on March 17, 2017"
Kickstarting your Digital Agency Career as a Recent Grad,,
,https://blog.union.co/digital-agency-career-as-a-recent-grad,
,,"In Insider by Riley Strong on February 23, 2017"
Announcing the 2017 Kelly Somey Digital Marketing Scholarship,,
,https://blog.union.co/digital-marketing-scholarship-2017,
,,"In Company News by Banks Wilson on February 13, 2017"
How to Create a Lead Scoring System that Works,,
,https://blog.union.co/how-to-create-a-lead-scoring-system-that-works,
,,"In Strategy Insights by Katie Price on February 06, 2017"
Digital Experience Trends to Watch in 2017,,
,https://blog.union.co/digital-experience-trends-to-watch-in-2017,
,,"In Strategy Insights by Banks Wilson on January 04, 2017"
Survey Questions: Three Ways to Build Your Digital Strategy with Data,,
,https://blog.union.co/survey-questions-data-and-digital-strategy,
,,"In Strategy Insights by Christy Dukes on December 30, 2016"
How Chatbots Can Improve the Customer Experience,,
,https://blog.union.co/chatbot-customer-experience,
,,"In Strategy Insights by Katie Price on December 27, 2016"
Make the Most of Mobile Shopping this Holiday Season and Beyond,,
,https://blog.union.co/mobile-shopping-holiday-season,
,,"In Strategy Insights by Matt Ashbridge on November 22, 2016"
How the Omni-Channel Experience Affects the Customer Journey,,
,https://blog.union.co/omni-channel-experience-and-customer-journey,
,,"In Strategy Insights by Banks Wilson on November 18, 2016"
Digital Platform Launches for Charlotte Nightlife,,
,https://blog.union.co/digital-platform-launches-for-charlotte-nightlife,
,,"In Recent Work by Emily Ayers on November 17, 2016"
Millennial Strategy Firm's New Brand Identity and Digital Platform Launch,,
,https://blog.union.co/millennial-insights-firm-digital-platform,
,,"In Recent Work by Alex Via on November 14, 2016"
How to Plan Your 2017 Digital Marketing Budget,,
,https://blog.union.co/how-to-plan-your-2017-digital-marketing-budget,
,,"In Strategy Insights by Katie Price on November 10, 2016"
Social Media Marketing: How to Choose the Best Platform,,
,https://blog.union.co/paid-social-media-marketing,
,,"In Strategy Insights by Josh Price on October 17, 2016"
8 Digital Marketing Metrics You Should Track,,
,https://blog.union.co/8-digital-marketing-metrics-you-should-track,
,,"In Strategy Insights by Katie Price on October 06, 2016"
When to Hire a Pro: DIY vs. Professional Marketing,,
,https://blog.union.co/diy-vs.-pro-digital-marketing,
,,"In Strategy Insights by Christy Dukes on September 29, 2016"
The Buyer's Journey: A Step-by-Step Guide to Messaging,,
,https://blog.union.co/the-buyers-journey-a-step-by-step-guide-to-messaging,
,,"In Strategy Insights by Banks Wilson on September 16, 2016"
How to Successfully Measure Social ROI,,
,https://blog.union.co/how-to-measure-social-media-roi,
,,"In Strategy Insights by Katie Price on August 31, 2016"
Digital Platform Launches for Cafe Rio Mexican Grill,,
,https://blog.union.co/digital-platform-launches-for-cafe-rio-mexican-grill,
,,"In Recent Work by Christy Holland on August 23, 2016"
"Event: Content Marketing - Challenges, Planning and Learning Opportunities",,
,https://blog.union.co/event-content-marketing-challenges-planning-and-learning-opportunities,
,,"In Company News by Christy Dukes on August 12, 2016"
Why Blogging and Content Marketing Are Essential to Your Business,,
,https://blog.union.co/why-blogging-and-content-marketing-are-essential,
,,"In Strategy Insights by Banks Wilson on August 11, 2016"
How to Get the Most from Your Digital Agency Partnership,,
,https://blog.union.co/how-to-get-the-most-from-your-digital-agency-partner,
,,"In Strategy Insights by Katie Price on August 01, 2016"
White Paper: Top Five Reasons the Marketing Landscape is Shifting to Digital,,
,https://blog.union.co/white-paper-top-five-reasons-the-marketing-landscape-is-shifting-to-digital,
,,"In Strategy Insights by Matt Ashbridge on July 22, 2016"
Create Exciting and Effective B2B Content Marketing,,
,https://blog.union.co/create-effective-b2b-content-marketing,
,,"In Strategy Insights by Banks Wilson on July 11, 2016"
Richard Petty Driving Experience Uses Digital Marketing to Boost Sales,,
,https://blog.union.co/richard-petty-driving-experience-leverages-digital-marketing-campaigns,
,,"In Recent Work by Matt Ashbridge on July 01, 2016"
How to Write a Digital Agency RFP,,
,https://blog.union.co/how-to-write-a-digital-agency-rfp,
,,"In Tutorials by Banks Wilson on June 22, 2016"
"Digital Platform Launches for the ""Next"" Generation of NASCAR Drivers",,
,https://blog.union.co/digital-platform-launches-for-next-generation-nascar-drivers,
,,"In Recent Work by Alex Via on June 17, 2016"
Mobile Marketing Campaigns: Present and Future,,
,https://blog.union.co/mobile-marketing-campaigns-present-and-future,
,,"In Strategy Insights by Banks Wilson on June 10, 2016"
The Future of Social Media and E-Commerce,,
,https://blog.union.co/social-media-and-e-commerce,
,,"In Strategy Insights by Banks Wilson on June 06, 2016"
Part II: How to Create Buyer Personas for Your Business,,
,https://blog.union.co/part-ii-how-to-create-buyer-personas-for-your-business,
,,"In Strategy Insights by Banks Wilson on May 25, 2016"
Part I: Why Buyer Personas in Marketing Matter,,
,https://blog.union.co/buyer-personas-in-marketing-matter,
,,"In Strategy Insights by Banks Wilson on May 20, 2016"
Use Your Outside Voices - Lessons in Leadership,,
,https://blog.union.co/lessons-in-leadership,
,,"In Strategy Insights by Mallory Starnes on May 12, 2016"
Announcing the 2016 Digital Marketing Scholarship Winner!,,
,https://blog.union.co/2016-digital-marketing-scholarship-winner,
,,"In Company News by Banks Wilson on May 06, 2016"
Get Started with Facebook Advertising,,
,https://blog.union.co/get-started-facebook-advertising,
,,"In Strategy Insights by Banks Wilson on May 03, 2016"
How to Create a Social Media Strategy that Works,,
,https://blog.union.co/how-to-create-a-social-media-strategy-that-works,
,,"In Strategy Insights by Banks Wilson on April 28, 2016"
How to Design Better Email Marketing Campaigns,,
,https://blog.union.co/how-to-design-better-email-marketing-campaigns,
,,"In Strategy Insights by Banks Wilson on April 21, 2016"
UNION Stands Against North Carolina's House Bill 2,,
,https://blog.union.co/union-stands-against-nc-hb2,
,,"In Culture by Banks Wilson on April 18, 2016"
Why You Need to Use Email Marketing to Generate New Business,,
,https://blog.union.co/email-marketing-to-generate-new-business,
,,"In Strategy Insights by Banks Wilson on April 14, 2016"
Huseby Uses Paid Search Advertising to Improve National Footprint,,
,https://blog.union.co/huseby-digital-marketing-case-study,
,,"In Strategy Insights by Matt Ashbridge on March 31, 2016"
New Website Design for Highwoods Properties,,
,https://blog.union.co/new-website-design-for-highwoods-properties,
,,"In Recent Work by Christy Dukes on March 25, 2016"
Five Ways to Utilize Digital Analytics to Increase Conversions,,
,https://blog.union.co/five-ways-to-utilize-digital-analytics-to-increase-conversions,
,,"In Strategy Insights by Banks Wilson on March 23, 2016"
What the Internet of Things Means for Marketing,,
,https://blog.union.co/what-the-internet-of-things-means-for-digital-marketing,
,,"In Strategy Insights by Banks Wilson on March 16, 2016"
White Paper: 10 Facts About the Importance of Digital Marketing,,
,https://blog.union.co/white-paper-10-facts-about-the-importance-of-digital-marketing,
,,"In Strategy Insights by Matt Ashbridge on March 10, 2016"
Leveraging Big Data to Drive Marketing and Sales,,
,https://blog.union.co/leveraging-big-data-to-drive-marketing-and-sales,
,,"In Strategy Insights by Banks Wilson on March 03, 2016"
5 Big Mistakes to Avoid with Big Data,,
,https://blog.union.co/5-big-mistakes-to-avoid-with-big-data,
,,"In Strategy Insights by Banks Wilson on February 25, 2016"
Content Shock Apocalypse: How to Keep Your Content on Top,,
,https://blog.union.co/content-shock-apocalypse-how-to-keep-your-content-on-top,
,,"In Strategy Insights by Banks Wilson on February 17, 2016"
How to Use Video for Brand Storytelling,,
,https://blog.union.co/how-to-use-video-for-brand-storytelling,
,,"In Strategy Insights by Banks Wilson on February 10, 2016"
UNION Launches Digital Platform for Contact Center Intelligence Leader,,
,https://blog.union.co/union-launches-digital-platform-for-contact-center-intelligence-leader,
,,"In Recent Work by Alex Via on February 10, 2016"
Why Brands Should Embrace Video for Storytelling,,
,https://blog.union.co/why-brands-should-embrace-video-for-storytelling,
,,"In Strategy Insights by Banks Wilson on February 03, 2016"
Looking Ahead: What role will Virtual Reality play in Marketing?,,
,https://blog.union.co/virtual-reality-marketing,
,,"In Strategy Insights by Banks Wilson on January 26, 2016"
Digital Marketing Trends to Watch in 2016,,
,https://blog.union.co/digital-marketing-trends-to-watch-in-2016,
,,"In Strategy Insights by Banks Wilson on January 19, 2016"
Charlotte Digital Marketing Agency Announces 2016 Scholarship,,
,https://blog.union.co/charlotte-digital-marketing-agency-announces-second-annual-scholarship,
,,"In Company News by Lucas Weber on December 28, 2015"
White Paper: 10 Lead Generation Techniques Guaranteed to Produce Results,,
,https://blog.union.co/white-paper-10-lead-generation-techniques-guaranteed-to-produce-results,
,,"In Tutorials by Lucas Weber on December 09, 2015"
WebShop: Key Components of a Successful Website Strategy,,
,https://blog.union.co/webshop-key-components-of-a-successful-website-strategy,
,,"In Tutorials by Lucas Weber on December 04, 2015"
Digital Marketing Tools: Top 10 Thanksgiving Apps,,
,https://blog.union.co/digital-marketing-tools-top-10-thanksgiving-apps,
,,"In Strategy Insights by Katie Fogarty on November 24, 2015"
The Importance of Digital Marketing,,
,https://blog.union.co/the-importance-of-digital-marketing,
,,"In Strategy Insights by Lucas Weber on November 20, 2015"
Free Checklist: How to Run an Inbound Marketing Campaign,,
,https://blog.union.co/free-checklist-how-to-run-an-inbound-marketing-campaign,
,,"In Tutorials by Lucas Weber on November 11, 2015"
SEO White Paper: 15 SEO Myths Debunked,,
,https://blog.union.co/seo-white-paper-15-seo-myths-debunked,
,,"In Strategy Insights by Lucas Weber on October 26, 2015"
Digital Strategy: 3 Tips to Optimize Your Online Presence,,
,https://blog.union.co/digital-strategy-3-tips-to-optimize-your-online-presence,
,,"In Strategy Insights by Lucas Weber on October 21, 2015"
5 Things to Consider When Selecting a CMS for Your Digital Marketing Platform,,
,https://blog.union.co/5-things-to-consider-when-selecting-a-cms-for-your-digital-marketing-platform,
,,"In Strategy Insights by Lucas Weber on October 18, 2015"
5 Reasons Why Webinars Should Be a Part of Your Content Marketing Strategy,,
,https://blog.union.co/5-reasons-why-webinars-should-be-a-part-of-your-content-marketing-strategy,
,,"In Strategy Insights by Katie Fogarty on October 16, 2015"
Email Marketing Basics: 5 Questions Answered,,
,https://blog.union.co/email-marketing-basics-5-questions-answered,
,,"In Strategy Insights by Matt Ashbridge on October 09, 2015"
3 Tips for Getting More Inbound Marketing Leads from Your Website,,
,https://blog.union.co/3-tips-for-getting-more-inbound-marketing-leads-from-your-website,
,,"In Strategy Insights by Lucas Weber on October 05, 2015"
3 Tips for Improving Your Website’s Conversion Rates,,
,https://blog.union.co/3-tips-for-improving-your-website-s-conversion-rates,
,,"In Strategy Insights by Katie Price on September 25, 2015"
The Value of Partnering with a Digital Marketing Agency,,
,https://blog.union.co/the-value-of-partnering-with-a-digital-marketing-agency,
,,"In Strategy Insights by Lucas Weber on September 20, 2015"
Webinar - The Why and How of Remarketing,,
,https://blog.union.co/webinar-the-how-and-why-of-remarketing,
,,"In Tutorials by Katie Price on September 06, 2015"
White Paper: How to Create a Content Marketing Strategy That Attracts Customers,,
,https://blog.union.co/white-paper-how-to-create-a-content-marketing-strategy-that-attracts-customers,
,,"In Strategy Insights by Lucas Weber on August 25, 2015"
4 Ways To Use Digital Marketing Data to Drive Conversions,,
,https://blog.union.co/your-4-ways-to-use-digital-marketing-data-to-drive-conversions,
,,"In Strategy Insights by Katie Price on August 21, 2015"
How to Relaunch Your Website Redesign Without Losing Your Search Engine Rankings,,
,https://blog.union.co/how-to-relaunch-your-website-redesign-without-losing-your-search-engine-rankings,
,,"In Strategy Insights by Lucas Weber on August 04, 2015"
Improving Your Digital Marketing Campaigns with Remarketing,,
,https://blog.union.co/improving-your-digital-marketing-campaigns-with-remarketing,
,,"In Strategy Insights by Katie Price on July 29, 2015"
Mobilegeddon Update: Local SEO Optimization Now Vital to Your Digital Marketing Strategy,,
,https://blog.union.co/mobilegeddon-update-local-seo-optimization-now-vital-to-your-digital-marketing-strategy,
,,"In Strategy Insights by Lucas Weber on July 24, 2015"
Best Practices for Managing Inbound Leads for Salespeople,,
,https://blog.union.co/best-practices-for-managing-inbound-leads-for-salespeople,
,,"In Strategy Insights by Matt Ashbridge on July 21, 2015"
Optimize Your Efforts With Facebook Insights,,
,https://blog.union.co/optimize-your-efforts-with-facebook-insights,
,,"In Strategy Insights by Lucas Weber on July 14, 2015"
Carousels Are Not Fun For Anyone,,
,https://blog.union.co/carousels-are-not-fun-for-anyone,
,,"In Strategy Insights by Alex Via on July 10, 2015"
Happy July 4th from UNION,,
,https://blog.union.co/happy-july-4th-from-union,
,,"In Culture by Lucas Weber on July 03, 2015"
Music & Motion,,
,https://blog.union.co/music-and-motion,
,,"In Strategy Insights by Jim DeBrock on June 30, 2015"
Nuts & Bolts: Behind the Scenes of a Digital Marketing Agency,,
,https://blog.union.co/nuts-and-bolts-behind-the-scenes-of-a-digital-marketing-agency,
,,"In Culture by Lucas Weber on June 26, 2015"
Conducting SEO Audits,,
,https://blog.union.co/conducting-seo-audits,
,,"In Strategy Insights by Lucas Weber on June 10, 2015"
3 Signs It’s Time for a Website Redesign,,
,https://blog.union.co/3-signs-its-time-for-a-website-redesign,
,,"In Strategy Insights by Lucas Weber on June 04, 2015"
Digital Opportunities for the Sports & Entertainment Industry,,
,https://blog.union.co/digital-opportunities-for-the-sports-and-entertainment-industry,
,,"In Strategy Insights by Lucas Weber on May 29, 2015"
4 Tips to Help You Make the Most of Your Online Presence,,
,https://blog.union.co/4-tips-to-help-you-make-the-most-of-your-online-presence,
,,"In Strategy Insights by Katie Fogarty on May 19, 2015"
Announcing the 2015 Digital Marketing Scholarship Winner,,
,https://blog.union.co/announcing-the-2015-digital-marketing-scholarship-winner,
,,"In Company News by Banks Wilson on May 12, 2015"
New Kyle Busch Website Launches,,
,https://blog.union.co/new-kyle-busch-website-launches,
,,"In Recent Work by Lucas Weber on May 05, 2015"
5 Ways to Generate Sales Through Your Digital Marketing Platform,,
,https://blog.union.co/5-ways-to-generate-sales-through-your-digital-marketing-platform,
,,"In Strategy Insights by Katie Fogarty on April 28, 2015"
Elements of Quality Content,,
,https://blog.union.co/elements-of-quality-content,
,,"In Strategy Insights by Lucas Weber on April 14, 2015"
UNION Attends Digital Marketing Event,,
,https://blog.union.co/union-attends-digital-marketing-event,
,,"In Company News by Banks Wilson on April 04, 2015"
Google to Start Penalizing Non-Mobile Websites,,
,https://blog.union.co/google-to-start-penalizing-nonmobile-websites,
,,"In Strategy Insights by Lucas Weber on March 28, 2015"
First Annual UNION 500,,
,https://blog.union.co/first-annual-union-500,
,,"In Company News by Linda Wang on March 20, 2015"
Benefits of Content Marketing,,
,https://blog.union.co/benefits-of-content-marketing,
,,"In Strategy Insights by Lucas Weber on March 14, 2015"
Content Marketing Tips: Writing for the Web,,
,https://blog.union.co/content-marketing-tips-writing-for-the-web,
,,"In Strategy Insights by Lucas Weber on March 07, 2015"
Charlotte Web Design Agency Launches New Hendrick Motorsports Site,,
,https://blog.union.co/charlotte-web-design-agency-launches-new-hendrick-motorsports-site,
,,"In Recent Work by Lucas Weber on February 27, 2015"
Charlotte Digital Marketing Agency Announces Annual Scholarship,,
,https://blog.union.co/charlotte-digital-marketing-agency-announces-annual-scholarship,
,,"In Company News by Lucas Weber on February 20, 2015"
What Is Content Marketing?,,
,https://blog.union.co/what-is-content-marketing,
,,"In Strategy Insights by Lucas Weber on February 06, 2015"
2015 Content Marketing Trends to Keep an Eye On,,
,https://blog.union.co/2015-content-marketing-trends-to-keep-an-eye-on,
,,"In Strategy Insights by Lucas Weber on January 30, 2015"
SEO Benefits of Responsive Design,,
,https://blog.union.co/seo-benefits-of-responsive-design,
,,"In Strategy Insights by Lucas Weber on January 16, 2015"
The Internet of Things & Digital Marketing Opportunities,,
,https://blog.union.co/the-internet-of-things-and-digital-marketing-opportunities,
,,"In Strategy Insights by Lucas Weber on January 09, 2015"
UNION's First Annual Bells & Brews Holiday Bash,,
,https://blog.union.co/unions-first-annual-bells-and-brews-holiday-bash,
,,"In Company News by Banks Wilson on December 19, 2014"
Digital Marketing Trends for 2015,,
,https://blog.union.co/digital-marketing-trends-for-2015,
,,"In Strategy Insights by Lucas Weber on December 05, 2014"
Happy Thanksgiving from UNION,,
,https://blog.union.co/happy-thanksgiving-from-union,
,,"In Company News by Banks Wilson on November 25, 2014"
Web Design Agency Launches New CPI Security Website,,
,https://blog.union.co/web-design-agency-launches-new-cpi-security-website,
,,"In Recent Work by Lucas Weber on November 19, 2014"
NASCAR Rule Book Launches,,
,https://blog.union.co/nascar-rule-book-launches,
,,"In Recent Work by Lucas Weber on November 13, 2014"
How to Prepare Your Email Marketing for the Holiday Season,,
,https://blog.union.co/how-to-prepare-your-email-marketing-for-the-holiday-season,
,,"In Tutorials by Matt Ashbridge on November 12, 2014"
UNION Launches New Neighborhood Lender Site,,
,https://blog.union.co/union-formerly-studiobanks-launches-new-digital-platform,
,,"In Recent Work by Lucas Weber on November 04, 2014"
Logo Polish Recommendation for the Hornets,,
,https://blog.union.co/logo-polish-recommendation-for-the-hornets,
,,"In Strategy Insights by Banks Wilson on November 01, 2014"
Digital Marketing Agency Highlights the Importance of Communication,,
,https://blog.union.co/digital-marketing-agency-highlights-the-importance-of-communication,
,,"In Strategy Insights by Teresa Cruz on October 31, 2014"
Helping Those Who Help Others,,
,https://blog.union.co/helping-those-who-help-others,
,,"In Recent Work by Teresa Cruz on October 23, 2014"
The Importance of Landing Pages In Your Digital Marketing Campaigns,,
,https://blog.union.co/the-importance-of-landing-pages-in-your-digital-marketing-campaigns,
,,"In Strategy Insights by Matt Ashbridge on October 21, 2014"
Technically Art,,
,https://blog.union.co/technically-art,
,,"In Culture by Wes Dews on October 20, 2014"
Vine: Your Brand in Six Seconds,,
,https://blog.union.co/vine-your-brand-in-six-seconds,
,,"In Strategy Insights by Union Development on October 09, 2014"
UNION Opens Device Lab,,
,https://blog.union.co/studiobanks-open-device-lab,
,,"In Company News by Banks Wilson on October 09, 2014"
The Anatomy of a Search Engine-Friendly Blog Post,,
,https://blog.union.co/the-anatomy-of-a-search-engine-friendly-blog-post,
,,"In Strategy Insights by Union on September 24, 2014"
5 Questions to Ask Before You Hire Your Next Digital Agency,,
,https://blog.union.co/5-questions-to-ask-before-you-hire-your-next-digital-agency,
,,"In Strategy Insights by Matt Ashbridge on September 19, 2014"
Digital Marketing Agency Hosts Successful Rebranding Launch Party,,
,https://blog.union.co/digital-marketing-agency-hosts-successful-rebranding-launch-party,
,,"In Culture by Lucas Weber on September 11, 2014"
Third Thursdays At Union,,
,https://blog.union.co/third-thursdays-at-union,
,,"In Culture by Matt Ashbridge on August 22, 2014"
We Are UNION,,
,https://blog.union.co/we-are-union,
,,"In Company News by Banks Wilson on August 11, 2014"
UNION Launches New Digital Platform for BAMA,,
,https://blog.union.co/union-launches-new-digital-platform-for-bama,
,,"In Recent Work by Lucas Weber on August 08, 2014"
Sona MedSpa Website,,
,https://blog.union.co/sona-medspa-website,
,,"In Recent Work by Matt Ashbridge on August 07, 2014"
Design as a Differentiator,,
,https://blog.union.co/design-as-a-differentiator,
,,"In Strategy Insights by Banks Wilson on July 21, 2014"
Virtual Real Estate | 5 Key Considerations for Online Real Estate Marketing,,
,https://blog.union.co/virtual-real-estate-5-key-considerations-for-online-real-estate-marketing,
,,"In Strategy Insights by Christy Dukes on July 11, 2014"
Site of the Day Award | McColl Center,,
,https://blog.union.co/site-of-the-day-award-mccoll-center,
,,"In Recent Work by Lucas Weber on June 20, 2014"
How to Optimize & Improve Your Website | The 2 Minute Challenge,,
,https://blog.union.co/how-to-optimize-and-improve-your-website-the-2-minute-challenge,
,,"In Strategy Insights by Christy Dukes on June 20, 2014"
Discovery Place Education Studio Website,,
,https://blog.union.co/discovery-place-education-studio-website,
,,"In Recent Work by Lucas Weber on May 29, 2014"
10 Important Things to Consider When Planning a Digital Marketing Strategy,,
,https://blog.union.co/10-important-things-to-consider-when-planning-a-digital-marketing-strategy,
,,"In Strategy Insights by Matt Ashbridge on May 15, 2014"
5 Reasons to Leave a Job you Love,,
,https://blog.union.co/5-reasons-to-leave-a-job-you-love,
,,"In Culture by Lauren Kerwell on May 13, 2014"
Why LinkedIn May Soon Overtake Other Social Media Sites... And What You Can Do To Be Ready,,
,https://blog.union.co/why-linkedin-may-soon-overtake-other-social-media-sites-and-what-you-can-do-to-be-ready,
,,"In Strategy Insights by Matt Ashbridge on April 24, 2014"
Opera Carolina Website,,
,https://blog.union.co/opera-carolina-website,
,,"In Recent Work by Teresa Cruz on April 09, 2014"
Top 5 Reasons Why Marketing is Shifting to Digital,,
,https://blog.union.co/top-5-reasons-why-marketing-is-shifting-to-digital,
,,"In Strategy Insights by Matt Ashbridge on April 08, 2014"
Business Owners and Marketers Get Ready - It's All About To .change,,
,https://blog.union.co/business-owners-and-marketers-get-ready-its-all-about-to-change,
,,"In Strategy Insights by Union Development on April 04, 2014"
Will Google's Latest Change Truly Enhance PPC Advertising?,,
,https://blog.union.co/will-googles-latest-change-truly-enhance-ppc-advertising,
,,"In Strategy Insights by Union Development on March 25, 2014"
Fortune & Fun at the 2013 Charlotte ADDYs,,
,https://blog.union.co/fortune-fun-at-the-2013-charlotte-addys,
,,"In Company News by Union Development on March 05, 2014"
#AEAATL (or How I Learned to Stop Worrying and Love the Web),,
,https://blog.union.co/aeaatl-or-how-i-learned-to-stop-worrying-and-love-the-web,
,,"In Culture by Union Development on February 25, 2014"
Intelligently Contagious – a.k.a. TEDx Charlotte 2013,,
,https://blog.union.co/intelligently-contagious-aka-tedx-charlotte-2013,
,,"In Strategy Insights by Christy Holland on February 22, 2014"
Is Insta-Advertising In The Near Future?,,
,https://blog.union.co/is-insta-advertising-in-the-near-future,
,,"In Strategy Insights by Union Development on February 06, 2014"
"Graph Search, You Say?",,
,https://blog.union.co/graph-search-you-say,
,,"In Strategy Insights by Union Development on January 24, 2014"
"Not Just Designers, Developers and Strategists",,
,https://blog.union.co/not-just-designers-developers-and-strategists,
,,"In Company News by Union Development on January 21, 2014"
Pamlico Capital Digital Platform: Building Online Equity,,
,https://blog.union.co/pamlico-capital-digital-platform-building-online-equity,
,,"In Recent Work by Banks Wilson on January 21, 2014"
Dublin Dog: Home of Products (and now a website) That Look As Good As They Perform,,
,https://blog.union.co/dublin-dog-home-of-products-and-now-a-website-that-look-as-good-as-they-perform,
,,"In Recent Work by Matt Ashbridge on January 14, 2014"
"ACN Digital Platform, Building Reputations",,
,https://blog.union.co/acn-digital-platform-building-reputations,
,,"In Recent Work by Union on January 07, 2014"
7 Tips for Smart Content Creation and Management,,
,https://blog.union.co/7-tips-for-smart-content-creation-and-management,
,,"In Strategy Insights by Matt Ashbridge on January 06, 2014"
"It's Jingle Bells, Union (formerly Studiobanks) Style...",,
,https://blog.union.co/its-jingle-bells-studiobanks-style,
,,"In Company News by Union on December 06, 2012"
Measuring Social Media ROI,,
,https://blog.union.co/measuring-social-media-roi,
,,"In Tutorials by Union Development on October 10, 2012"
"Horizon Eye Care Website, visibly clear digital strategy",,
,https://blog.union.co/horizon-eye-care-website-visibly-clear-digital-strategy,
,,"In Recent Work by Union on October 01, 2012"
"Real Time Content Website, Innovation station",,
,https://blog.union.co/real-time-content-website-innovation-station,
,,"In Recent Work by Union on September 03, 2012"
Social TV is Now: How Second Screen Apps Connect Viewers to Their Favorite Shows.,,
,https://blog.union.co/social-tv-is-now-how-second-screen-apps-connect-viewers-to-their-favorite-shows,
,,"In Strategy Insights by Union Development on August 21, 2012"
"Hendrick Heritage Microsite, Celebrating the Hendrick heritage",,
,https://blog.union.co/hendrick-heritage-microsite-celebrating-the-hendrick-heritage,
,,"In Recent Work by Union on August 06, 2012"
SEO For Blogs - Three Beginning Tips For Making Your Blog More SEO Friendly,,
,https://blog.union.co/seo-for-blogs-three-beginning-tips-for-making-your-blog-more-seo-friendly,
,,"In Strategy Insights by Claire Outlaw on July 31, 2012"
"Bojangles' Reservation System, Reserving Some “Bo Time”",,
,https://blog.union.co/bojangles-reservation-system-reserving-some-bo-time,
,,"In Recent Work by Union on July 02, 2012"
"JustFab Community Microsite, The strategy behind being fabulous",,
,https://blog.union.co/justfab-community-microsite-the-strategy-behind-being-fabulous,
,,"In Recent Work by Union on June 04, 2012"
GUNK Digital Marketing Campaign,,
,https://blog.union.co/gunk-digital-marketing-campaign,
,,"In Recent Work by Union on May 07, 2012"
Why you should be using remarketing in your digital marketing plan,,
,https://blog.union.co/why-you-should-be-using-remarketing-in-your-digital-marketing-plan,
,,"In Strategy Insights by Union Development on May 04, 2012"
Welcome to the Idea Factory,,
,https://blog.union.co/welcome-to-the-idea-factory,
,,"In Strategy Insights by Union Development on April 26, 2012"
"Just Finished, Align Digital Marketing Platform",,
,https://blog.union.co/just-finished-align-digital-marketing-platform,
,,"In Recent Work by Union on April 02, 2012"
It's the little things...,,
,https://blog.union.co/its-the-little-things,
,,"In Strategy Insights by Matt Taylor on March 29, 2012"
A Little Turbulence for your Tuesday,,
,https://blog.union.co/a-little-turbulence-for-your-tuesday,
,,"In Company News by Union Development on March 27, 2012"
How to get hired right out of school,,
,https://blog.union.co/how-to-get-hired-right-out-of-school,
,,"In Tutorials by Banks Wilson on March 26, 2012"
Best practices for your brand's Facebook cover photo,,
,https://blog.union.co/best-practices-for-your-brands-facebook-cover-photo,
,,"In Tutorials by Union Development on March 22, 2012"
Big Brother is watching you surf,,
,https://blog.union.co/big-brother-is-watching-you-surf,
,,"In Strategy Insights by Union Development on March 15, 2012"
Union (formerly Studiobanks) wins big at the ADDY Awards!,,
,https://blog.union.co/studiobanks-wins-big-at-the-addy-awards,
,,"In Company News by Union Development on March 09, 2012"
Crafting Your Windows / IE Test Environment on OSX 10.6,,
,https://blog.union.co/crafting-your-windows-ie-test-environment-on-osx-106,
,,"In Tutorials by Union Development on March 08, 2012"
"Bourne Partners, Clarity is Key",,
,https://blog.union.co/bourne-partners-clarity-is-key,
,,"In Recent Work by Union on March 05, 2012"
Producing Great Work,,
,https://blog.union.co/producing-great-work,
,,"In Strategy Insights by Union Development on March 01, 2012"
A Very 3D Christmas,,
,https://blog.union.co/a-very-3d-christmas,
,,"In Tutorials by Union Development on February 23, 2012"
The 5 Be's of Search Engine Marketing,,
,https://blog.union.co/the-5-bes-of-search-engine-marketing,
,,"In Tutorials by Claire Outlaw on February 16, 2012"
Halftime in America: A personal journey through despair and back again,,
,https://blog.union.co/halftime-in-america-a-personal-journey-through-despair-and-back-again,
,,"In Strategy Insights by Union on February 08, 2012"
"Steritech Digital Platform, Split Personalities",,
,https://blog.union.co/steritech-digital-platform-split-personalities,
,,"In Recent Work by Union on February 06, 2012"
Online advertising scores a victory,,
,https://blog.union.co/online-advertising-scores-a-victory,
,,"In Strategy Insights by Union Development on January 26, 2012"
"Morningstar Mini Storage Digital Platform, Launched",,
,https://blog.union.co/morningstar-mini-storage-digital-platform-launched,
,,"In Recent Work by Union on January 09, 2012"
Union (formerly Studiobanks) Holiday Party & Occupy North Pole Rally,,
,https://blog.union.co/studiobanks-holiday-party-occupy-north-pole-rally,
,,"In Company News by Union Development on December 16, 2011"
Occupy North Pole is Live!,,
,https://blog.union.co/occupy-north-pole-is-live,
,,"In Company News by Union Development on December 07, 2011"
Union (formerly Studiobanks) Selected as Digital Agency of Record for Occupy North Pole,,
,https://blog.union.co/studiobanks-selected-as-digital-agency-of-record-for-occupy-north-pole,
,,"In Company News by Union on November 23, 2011"
Pumpkin Keg LIVES!,,
,https://blog.union.co/pumpkin-keg-lives,
,,"In Culture by Union Development on November 04, 2011"
Flash 11 Makes Its Debut,,
,https://blog.union.co/flash-11-makes-its-debut,
,,"In Strategy Insights by Union Development on November 03, 2011"
The Battle of Tremont Hall,,
,https://blog.union.co/the-battle-of-tremont-hall,
,,"In Culture by Union Development on October 28, 2011"
Andy's 24 Hour Game-A-Thon,,
,https://blog.union.co/andys-24-hour-game-a-thon,
,,"In Culture by Union Development on October 26, 2011"
Top 10 Things To Look for in a Social Media Manager,,
,https://blog.union.co/top-10-things-to-look-for-in-a-social-media-manager,
,,"In Tutorials by Union Development on October 24, 2011"
"All Gaming, All The Time",,
,https://blog.union.co/all-gaming-all-the-time,
,,"In Culture by Union on October 11, 2011"
Steve Jobs 1955-2011,,
,https://blog.union.co/steve-jobs-1955-2011,
,,"In Culture by Union on October 06, 2011"
Design 101: Designing for Mobile,,
,https://blog.union.co/design-101-designing-for-mobile,
,,"In Tutorials by Union Development on September 29, 2011"
Android Outsells iOS…For Now,,
,https://blog.union.co/android-outsells-iosfor-now,
,,"In Strategy Insights by Union Development on September 28, 2011"
Ads on Kindle: Sell Me a Story,,
,https://blog.union.co/ads-on-kindle-sell-me-a-story,
,,"In Strategy Insights by Union Development on September 22, 2011"
"Facebook to Launch Read, Listened, Watched Buttons",,
,https://blog.union.co/facebook-to-launch-read-listened-watched-buttons,
,,"In Strategy Insights by Union Development on September 20, 2011"
A Look at the Nielsen 2011 Social Media Report,,
,https://blog.union.co/a-look-at-the-nielsen-2011-social-media-report,
,,"In Strategy Insights by Union Development on September 14, 2011"
Bojangles' Friend Biscuit Facebook App Launches,,
,https://blog.union.co/bojangles-friend-biscuit-facebook-app-launches,
,,"In Recent Work by Union Development on September 07, 2011"
The Art of the Game,,
,https://blog.union.co/the-art-of-the-game,
,,"In Strategy Insights by Union Development on August 17, 2011"
Blame it on the Intern,,
,https://blog.union.co/blame-it-on-the-intern,
,,"In Tutorials by Union Development on August 10, 2011"
"BooneOakley, Union launch JapanSaver.com",,
,https://blog.union.co/booneoakley-studiobanks-launch-japansavercom,
,,"In Recent Work by Union on August 07, 2011"
Addicted to Like,,
,https://blog.union.co/addicted-to-like,
,,"In Strategy Insights by Union Development on July 27, 2011"
Union (formerly Studiobanks) Launches New Cornerstone Community Bank Website,,
,https://blog.union.co/studiobanks-launches-new-cornerstone-community-bank-website,
,,"In Recent Work by Union on July 25, 2011"
The Voice,,
,https://blog.union.co/the-voice,
,,"In Strategy Insights by Union Development on July 21, 2011"
High Five!,,
,https://blog.union.co/high-five,
,,"In Company News by Union Development on July 12, 2011"
Passion Begets Focus,,
,https://blog.union.co/passion-begets-focus,
,,"In Strategy Insights by Matt Davis on July 08, 2011"
Extra! Extra!,,
,https://blog.union.co/extra-extra,
,,"In Company News by Union Development on June 17, 2011"
Archetype Casting: The 12 Master Archetypes,,
,https://blog.union.co/archetype-casting-the-12-master-archetypes,
,,"In Tutorials by Union Development on June 08, 2011"
The (Union (formerly Studiobanks)) Hangover,,
,https://blog.union.co/the-studiobanks-hangover,
,,"In Culture by Union on June 01, 2011"
Clearing the Air,,
,https://blog.union.co/clearing-the-air,
,,"In Company News by Union on May 31, 2011"
Union (formerly Studiobanks) Adds Senior Producer and Copywriter to Team,,
,https://blog.union.co/studiobanks-adds-senior-producer-and-copywriter-to-team,
,,"In Company News by Union on May 25, 2011"
Kickin' It AP Style: Grammar on the Web,,
,https://blog.union.co/kickin-it-ap-style-grammar-on-the-web,
,,"In Strategy Insights by Union Development on May 24, 2011"
Union (formerly Studiobanks) Open House - You're Invited!,,
,https://blog.union.co/studiobanks-open-house-youre-invited,
,,"In Company News by Union on May 18, 2011"
Design 101: Putting Contrast in Context,,
,https://blog.union.co/design-101-putting-contrast-in-context,
,,"In Tutorials by Matt Davis on May 04, 2011"
"Morningstar Marinas, Avast Ye Mateys!",,
,https://blog.union.co/morningstar-marinas-avast-ye-mateys,
,,"In Recent Work by Union on May 02, 2011"
The Real World: Union (formerly Studiobanks),,
,https://blog.union.co/the-real-world-studiobanks,
,,"In Company News by Union Development on April 26, 2011"
Database Strategy for Bojangles' Menu,,
,https://blog.union.co/database-strategy-for-bojangles-menu,
,,"In Recent Work by Banks Wilson on April 19, 2011"
Union (formerly Studiobanks) Hires Two New Developers,,
,https://blog.union.co/studiobanks-hires-two-new-developers,
,,"In Company News by Union on April 11, 2011"
"Duke Energy Online Game, Challenge Accepted!",,
,https://blog.union.co/duke-energy-online-game-challenge-accepted,
,,"In Recent Work by Union on April 04, 2011"
Union (formerly Studiobanks) Makeover!,,
,https://blog.union.co/studiobanks-makeover,
,,"In Company News by Union Development on April 04, 2011"
Union (formerly Studiobanks) Launches Microsites for Allen Tate,,
,https://blog.union.co/studiobanks-launches-microsites-for-allen-tate,
,,"In Recent Work by Union on March 31, 2011"
Union (formerly Studiobanks) Launches New Bojangles.com,,
,https://blog.union.co/studiobanks-launches-new-bojanglescom,
,,"In Recent Work by Union on March 23, 2011"
Union (formerly Studiobanks) Expands Team with Two New Designers,,
,https://blog.union.co/studiobanks-expands-team-with-two-new-designers,
,,"In Company News by Union on March 22, 2011"
Reality Bytes!,,
,https://blog.union.co/reality-bytes,
,,"In Strategy Insights by Union Development on March 15, 2011"
"WEDGE Capital Management, Capital Design",,
,https://blog.union.co/wedge-capital-management-capital-design,
,,"In Recent Work by Union on March 14, 2011"
And The Digital Producer Lived Happily Ever After,,
,https://blog.union.co/and-the-digital-producer-lived-happily-ever-after,
,,"In Strategy Insights by Union Development on March 07, 2011"
Union Creates Website for Investment Bank Edgeview Partners,,
,https://blog.union.co/studiobanks-creates-website-for-investment-bank-edgeview-partners,
,,"In Recent Work by Union on March 02, 2011"
Union (formerly Studiobanks) Leads Interactive at Charlotte ADDY Awards,,
,https://blog.union.co/studiobanks-leads-interactive-at-charlotte-addy-awards,
,,"In Company News by Union on February 28, 2011"
"Launched, Hendrick Motorsports Mobile Website",,
,https://blog.union.co/launched-hendrick-motorsports-mobile-website,
,,"In Recent Work by Union on February 07, 2011"
"Allen Tate Microsites, There’s No Place like Home",,
,https://blog.union.co/allen-tate-microsites-theres-no-place-like-home,
,,"In Recent Work by Union on January 03, 2011"
2010 Holiday Bash!,,
,https://blog.union.co/2010-holiday-bash,
,,"In Company News by Union on December 21, 2010"
Is Union (formerly Studiobanks) Naughty or Nice? You Decide!,,
,https://blog.union.co/is-studiobanks-naughty-or-nice-you-decide,
,,"In Company News by Union Development on December 17, 2010"
Union Launches Microsite for CMA Country Christmas TV Special,,
,https://blog.union.co/studiobanks-launches-microsite-for-cma-country-christmas-tv-special,
,,"In Recent Work by Union on November 23, 2010"
Now Hiring: Account Executive,,
,https://blog.union.co/now-hiring-account-executive,
,,"In Company News by Union on November 11, 2010"
Union (formerly Studiobanks) to Design New Digital Brand Experience for Swaim Furniture,,
,https://blog.union.co/studiobanks-to-design-new-digital-brand-experience-for-swaim-furniture,
,,"In Recent Work by Union on November 09, 2010"
GUTS Pumpkin Competition 2010,,
,https://blog.union.co/guts-pumpkin-competition-2010,
,,"In Company News by Matt Davis on November 04, 2010"
Scoobiobanks! and the Dodgeball Ex-SCARE-aganza,,
,https://blog.union.co/scoobiobanks-and-the-dodgeball-ex-scare-aganza,
,,"In Company News by Union Development on November 01, 2010"
Team Union (formerly Studiobanks) Places 3rd in the Panthers Purrsuit!,,
,https://blog.union.co/team-studiobanks-places-3rd-in-the-panthers-purrsuit,
,,"In Company News by Union Development on October 26, 2010"
Union Helps Allen Tate Company Leverage Online Presence,,
,https://blog.union.co/studiobanks-helps-allen-tate-company-leverage-online-presence,
,,"In Recent Work by Union on October 22, 2010"
Union Completes Design Work for CMA Awards Website,,
,https://blog.union.co/studiobanks-completes-design-work-for-cma-awards-website,
,,"In Company News by Union on October 15, 2010"
Union (formerly Studiobanks)' studio - FOR RENT,,
,https://blog.union.co/studiobanks-studio-for-rent,
,,"In Company News by Union on October 08, 2010"
3rd Annual Pitchin' Corn for a Cure,,
,https://blog.union.co/3rd-annual-pitchin-corn-for-a-cure,
,,"In Company News by Christy Holland on October 01, 2010"
Now Hiring: Interactive Developer,,
,https://blog.union.co/now-hiring-interactive-developer,
,,"In Company News by Union on September 07, 2010"
Union (formerly Studiobanks) Retained by Stevens and Wilkinson to Launch New Website,,
,https://blog.union.co/studiobanks-retained-by-stevens-and-wilkinson-to-launch-new-website,
,,"In Recent Work by Union on September 03, 2010"
AAF D3 Leadership Conference: Social Media Mystery Game,,
,https://blog.union.co/aaf-d3-leadership-conference-social-media-mystery-game,
,,"In Culture by Banks Wilson on August 31, 2010"
Union (formerly Studiobanks) to elevate marketing of SAFER® Barrier,,
,https://blog.union.co/studiobanks-to-elevate-marketing-of-safer-barrier,
,,"In Recent Work by Union on August 12, 2010"
Listen to Learn,,
,https://blog.union.co/listen-to-learn,
,,"In Tutorials by Union Development on July 20, 2010"
"Only In Old Town Website, An Oldie But Goodie",,
,https://blog.union.co/only-in-old-town-website-an-oldie-but-goodie,
,,"In Recent Work by Union on July 05, 2010"
Union (formerly Studiobanks) goes to Carowinds!,,
,https://blog.union.co/studiobanks-goes-to-carowinds,
,,"In Company News by Banks Wilson on June 25, 2010"
"""Search Leads a Bank to a Banks""",,
,https://blog.union.co/search-leads-a-bank-to-a-banks,
,,"In Recent Work by Union Development on June 21, 2010"
Now Hiring: Interactive Art Director,,
,https://blog.union.co/now-hiring-interactive-art-director,
,,"In Company News by Union on June 15, 2010"
"Over Half of Your Website’s Mobile Viewers are on an Apple product, does your website know that?",,
,https://blog.union.co/over-half-of-your-websites-mobile-viewers-are-on-an-apple-product-does-your-website-know-that,
,,"In Strategy Insights by Union on June 09, 2010"
"Muzak A/V Systems Microsite, Sound Check",,
,https://blog.union.co/muzak-av-systems-microsite-sound-check,
,,"In Recent Work by Union on June 07, 2010"
Union Launches New Website for Imex Management,,
,https://blog.union.co/studiobanks-launches-new-website-for-imex-management,
,,"In Recent Work by Union on June 01, 2010"
Copy Paste Character: Now for the iPhone.,,
,https://blog.union.co/copy-paste-character-now-for-the-iphone,
,,"In Tutorials by Union on May 21, 2010"
Union Creates Touch Screen Experience for New Discovery Place Exhibition,,
,https://blog.union.co/studiobanks-creates-touch-screen-experience-for-new-discovery-place-exhibition,
,,"In Recent Work by Union on May 03, 2010"
"Reel-Scout Website, Lights, Camera, Website!",,
,https://blog.union.co/reelscout-website-lights-camera-website,
,,"In Recent Work by Union on May 03, 2010"
Just Out: Transmit 4,,
,https://blog.union.co/just-out-transmit-4,
,,"In Tutorials by Union Development on April 27, 2010"
The Nightlife Network gets a Face Lift as well.,,
,https://blog.union.co/the-nightlife-network-gets-a-face-lift-as-well,
,,"In Recent Work by Banks Wilson on April 23, 2010"
Union (formerly Studiobanks) Recognized with Esteemed Webby Award,,
,https://blog.union.co/studiobanks-recognized-with-esteemed-webby-award,
,,"In Company News by Union on April 15, 2010"
BarCamp Charlotte 3,,
,https://blog.union.co/barcamp-charlotte-3,
,,"In Company News by Union on April 12, 2010"
Social Media Shaping the Future of Logo Design,,
,https://blog.union.co/social-media-shaping-the-future-of-logo-design,
,,"In Strategy Insights by Union on April 05, 2010"
"Varrow Website, Techno Savvy",,
,https://blog.union.co/varrow-website-techno-savvy,
,,"In Recent Work by Union on April 05, 2010"
2010 Center City Vision Awards,,
,https://blog.union.co/2010-center-city-vision-awards,
,,"In Company News by Christy Holland on April 02, 2010"
1st Annual AIGA Charlotte Design Week,,
,https://blog.union.co/1st-annual-aiga-charlotte-design-week,
,,"In Company News by Banks Wilson on March 29, 2010"
Varrow Selects Union (formerly Studiobanks),,
,https://blog.union.co/varrow-selects-studiobanks,
,,"In Recent Work by Union Development on March 24, 2010"
Parker Poe Mini-Site Wins LMA Award!,,
,https://blog.union.co/parker-poe-mini-site-wins-lma-award,
,,"In Company News by Union Development on March 17, 2010"
Union (formerly Studiobanks) Receives ADDY® Awards,,
,https://blog.union.co/studiobanks-receives-addy-awards,
,,"In Company News by Union Development on March 08, 2010"
Support Details,,
,https://blog.union.co/support-details,
,,"In Tutorials by Union Development on March 02, 2010"
"Reel-Scout Search Web App, Your Search Is Over",,
,https://blog.union.co/reelscout-search-web-app-your-search-is-over,
,,"In Recent Work by Union on March 01, 2010"
Bing Ups the Ante With Some Wicked In-Map Augmented Reality,,
,https://blog.union.co/bing-ups-the-ante-with-some-wicked-in-map-augmented-reality,
,,"In Strategy Insights by Union on February 25, 2010"
The Importance of Web-based Casual Games,,
,https://blog.union.co/the-importance-of-web-based-casual-games,
,,"In Strategy Insights by Union on February 12, 2010"
"Parker Poe 2010 Holiday Microsite, Ho-Ho-Holiday Greetings!",,
,https://blog.union.co/parker-poe-2010-holiday-microsite-hohoholiday-greetings,
,,"In Recent Work by Union on February 01, 2010"
"Muzak Department Microsites, Making Muzak",,
,https://blog.union.co/muzak-department-microsites-making-muzak,
,,"In Recent Work by Union on January 04, 2010"
Make a Wish for 2010,,
,https://blog.union.co/make-a-wish-for-2010,
,,"In Recent Work by Union Development on December 30, 2009"
Play our 2009 Holiday Game!,,
,https://blog.union.co/play-our-2009-holiday-game,
,,"In Company News by Union on December 17, 2009"
2009 Holiday Soiree!,,
,https://blog.union.co/2009-holiday-soiree,
,,"In Company News by Union on December 14, 2009"
Architecture Eye Candy,,
,https://blog.union.co/architecture-eye-candy,
,,"In Recent Work by Union Development on November 20, 2009"
"Concrete, Art & Wine",,
,https://blog.union.co/concrete-art-wine,
,,"In Company News by Union Development on November 06, 2009"
GUTS!,,
,https://blog.union.co/guts,
,,"In Company News by Union on November 04, 2009"
Best Wishes to Keeley & Megan!,,
,https://blog.union.co/best-wishes-to-keeley-megan,
,,"In Company News by Union Development on November 03, 2009"
2020 Vision Plan Community Workshop Report,,
,https://blog.union.co/2020-vision-plan-community-workshop-report,
,,"In Company News by Christy Holland on October 26, 2009"
Can I get an Amen!,,
,https://blog.union.co/can-i-get-an-amen,
,,"In Recent Work by Union Development on October 20, 2009"
Muzak's Brainery,,
,https://blog.union.co/muzaks-brainery,
,,"In Company News by Union on October 16, 2009"
"get out of the kitchen and come out for some ""pitchin!""",,
,https://blog.union.co/get-out-of-the-kitchen-and-come-out-for-some-pitchin,
,,"In Company News by Christy Holland on October 15, 2009"
Drifting Creatives Pay us a Visit,,
,https://blog.union.co/drifting-creatives-pay-us-a-visit,
,,"In Company News by Union Development on October 09, 2009"
"Google = ""nokeywords""",,
,https://blog.union.co/google-nokeywords,
,,"In Tutorials by Union on September 25, 2009"
Google's Solution to Internet Explorer,,
,https://blog.union.co/googles-solution-to-internet-explorer,
,,"In Tutorials by Union on September 22, 2009"
CarolinaNightlife.com Gets Face Lift,,
,https://blog.union.co/carolinanightlifecom-gets-face-lift,
,,"In Recent Work by Union on August 04, 2009"
LiveSurface Layered Image Templates,,
,https://blog.union.co/livesurface-layered-image-templates,
,,"In Tutorials by Union on July 16, 2009"
Outlook's Broken. Let's Fix It.,,
,https://blog.union.co/outlooks-broken-lets-fix-it,
,,"In Strategy Insights by Union on June 24, 2009"
Flowers and Beer - Thanks Center City Partners!,,
,https://blog.union.co/flowers-and-beer-thanks-center-city-partners,
,,"In Recent Work by Christy Holland on June 18, 2009"
Library of Congress,,
,https://blog.union.co/library-of-congress,
,,"In Tutorials by Union on June 17, 2009"
Newsletter Design featured on Campaign Monitor Gallery,,
,https://blog.union.co/newsletter-design-featured-on-campaign-monitor-gallery,
,,"In by Union on June 10, 2009"
Will Jardine Elected to AIGA Charlotte Board of Directors,,
,https://blog.union.co/will-jardine-elected-to-aiga-charlotte-board-of-directors,
,,"In Company News by Union on May 14, 2009"
Congratulations Chris & Erica Goodwin!,,
,https://blog.union.co/congratulations-chris-erica-goodwin,
,,"In Company News by Union on May 11, 2009"
"IE 8, HTML 5 and Web Standards",,
,https://blog.union.co/ie-8-html-5-and-web-standards,
,,"In Strategy Insights by Union on May 07, 2009"
Boom!,,
,https://blog.union.co/boom,
,,"In by Union on April 15, 2009"
ARHE Launch,,
,https://blog.union.co/arhe-launch,
,,"In Recent Work by Union on April 15, 2009"
Social Media - Get in the Game,,
,https://blog.union.co/social-media-get-in-the-game,
,,"In Strategy Insights by Union on April 06, 2009"
How Mosso Used Twitter to Gain Us as a New Client,,
,https://blog.union.co/how-mosso-used-twitter-to-gain-us-as-a-new-client,
,,"In Tutorials by Union on April 02, 2009"
Andrew Roby Website Launched,,
,https://blog.union.co/andrew-roby-website-launched,
,,"In Recent Work by Union Development on March 18, 2009"
Union (formerly Studiobanks) Scores a Super Sweet 16 at the 2009 ADDYs®,,
,https://blog.union.co/studiobanks-scores-a-super-sweet-16-at-the-2009-addys,
,,"In Company News by Union on March 06, 2009"
Field Trip: Discovery Place,,
,https://blog.union.co/field-trip-discovery-place,
,,"In Company News by Union on February 23, 2009"
Guidelines for Online Success,,
,https://blog.union.co/guidelines-for-online-success,
,,"In Tutorials by Union Development on February 16, 2009"
Blog to Boost Your Web Presence,,
,https://blog.union.co/blog-to-boost-your-web-presence,
,,"In Strategy Insights by Union on February 10, 2009"
Where did January go?,,
,https://blog.union.co/where-did-january-go,
,,"In Recent Work by Union Development on February 09, 2009"
SpaceKnuckle Illustrations hung at Union (formerly Studiobanks),,
,https://blog.union.co/spaceknuckle-illustrations-hung-at-studiobanks,
,,"In Company News by Banks Wilson on February 05, 2009"
"Charlotte Nature Museum Website, Naturally Inspired",,
,https://blog.union.co/charlotte-nature-museum-website-naturally-inspired,
,,"In Recent Work by Union on February 02, 2009"
Crossroads Charlotte: Website Launch & Movie Premiere,,
,https://blog.union.co/crossroads-charlotte-website-launch-movie-premiere,
,,"In Recent Work by Union on January 23, 2009"
Pretty Loaded,,
,https://blog.union.co/pretty-loaded,
,,"In Strategy Insights by Union Development on January 14, 2009"
Top 5 Interactive Marketing Tips for 2009,,
,https://blog.union.co/top-5-interactive-marketing-tips-for-2009,
,,"In Tutorials by Union on January 06, 2009"
"Muzak 75th Anniversary Microsite, Happy Anniversary, Old Timer",,
,https://blog.union.co/muzak-75th-anniversary-microsite-happy-anniversary-old-timer,
,,"In Recent Work by Union on January 05, 2009"
Learning ActionScript 3.0,,
,https://blog.union.co/learning-actionscript-30,
,,"In Tutorials by Union Development on January 05, 2009"
2008 Holiday Party,,
,https://blog.union.co/2008-holiday-party,
,,"In Company News by Union Development on December 19, 2008"
Union (formerly Studiobanks) Holiday Hunt!,,
,https://blog.union.co/studiobanks-holiday-hunt,
,,"In Company News by Union on December 16, 2008"
Discovery Place,,
,https://blog.union.co/discovery-place,
,,"In Recent Work by Union Development on November 25, 2008"
Sagmeister Video on TED.com,,
,https://blog.union.co/sagmeister-video-on-tedcom,
,,"In Strategy Insights by Christy Holland on November 12, 2008"
Happy Halloween from Union (formerly Studiobanks)!,,
,https://blog.union.co/happy-halloween-from-studiobanks,
,,"In Company News by Union on October 31, 2008"
Union (formerly Studiobanks) Claims Victory in the Inaugural SBCH Foosball Tournament,,
,https://blog.union.co/studiobanks-claims-victory-in-the-inaugural-sbch-foosball-tournament,
,,"In Company News by Union on October 23, 2008"
FlaCC: Flash C Compiler,,
,https://blog.union.co/flacc-flash-c-compiler,
,,"In Tutorials by Union Development on October 17, 2008"
Duke Energy,,
,https://blog.union.co/duke-energy,
,,"In Recent Work by Christy Holland on October 15, 2008"
Advanced ActionScript 3 with Design Patterns,,
,https://blog.union.co/advanced-actionscript-3-with-design-patterns,
,,"In Tutorials by Union Development on October 03, 2008"
Carbonhouse Mysteriously Reschedules Foosball Match Against Union (formerly Studiobanks),,
,https://blog.union.co/carbonhouse-mysteriously-reschedules-foosball-match-against-studiobanks,
,,"In Company News by Union on October 01, 2008"
Crossroads Charlotte Launches,,
,https://blog.union.co/crossroads-charlotte-launches,
,,"In Recent Work by Christy Holland on October 01, 2008"
Summer is Over?,,
,https://blog.union.co/summer-is-over,
,,"In Recent Work by Christy Holland on September 26, 2008"
Creatively Networked,,
,https://blog.union.co/creatively-networked,
,,"In Company News by Union Development on September 24, 2008"
Inverse Kinematics in Flash CS4,,
,https://blog.union.co/inverse-kinematics-in-flash-cs4,
,,"In Tutorials by Union Development on September 24, 2008"
Click-Copy & Paste,,
,https://blog.union.co/click-copy-paste,
,,"In Tutorials by Union on September 18, 2008"
That’s Munny,,
,https://blog.union.co/thats-munny,
,,"In Company News by Union on September 10, 2008"
Florida Amendment 5 Removed From Ballot,,
,https://blog.union.co/florida-amendment-5-removed-from-ballot,
,,"In Company News by Union on September 04, 2008"
"Hi, I'm Alexis",,
,https://blog.union.co/hi-im-alexis,
,,"In Company News by Union Development on August 28, 2008"
ARTM 3103 @ UNCC,,
,https://blog.union.co/artm-3103-uncc,
,,"In Company News by Banks Wilson on August 17, 2008"
Who’s that with Banks? See Below,,
,https://blog.union.co/whos-that-with-banks-see-below,
,,"In Company News by Union on August 11, 2008"
iSight Jamboree,,
,https://blog.union.co/isight-jamboree,
,,"In Company News by Union on August 08, 2008"
"The Survey, 2008",,
,https://blog.union.co/the-survey-2008,
,,"In Strategy Insights by Union on July 29, 2008"
The Return of Webmonkey,,
,https://blog.union.co/the-return-of-webmonkey,
,,"In Strategy Insights by Union on July 25, 2008"
ActionScript 3.0 Cookbook,,
,https://blog.union.co/actionscript-30-cookbook,
,,"In Tutorials by Union Development on July 15, 2008"
"Blynk Organic Website, Seeing Green",,
,https://blog.union.co/blynk-organic-website-seeing-green,
,,"In Recent Work by Union on July 07, 2008"
Now Hiring: Designer and Developer,,
,https://blog.union.co/now-hiring-designer-and-developer,
,,"In Company News by Union on July 06, 2008"
Google Indexes Flash,,
,https://blog.union.co/google-indexes-flash,
,,"In Strategy Insights by Union Development on July 02, 2008"
Adobe CS File Corruption on OS X 10.5.3,,
,https://blog.union.co/adobe-cs-file-corruption-on-os-x-1053,
,,"In Tutorials by Union on June 20, 2008"
Dairy Today,,
,https://blog.union.co/dairy-today,
,,"In Strategy Insights by Union on June 19, 2008"
"Harrison Hayes Website, Under The Microscope",,
,https://blog.union.co/harrison-hayes-website-under-the-microscope,
,,"In Recent Work by Union on June 02, 2008"
Service is Good,,
,https://blog.union.co/service-is-good,
,,"In Strategy Insights by Union on June 01, 2008"
Jumping in as the new AIGA Communications Director,,
,https://blog.union.co/jumping-in-as-the-new-aiga-communications-director,
,,"In Company News by Banks Wilson on May 12, 2008"
"Muzak myImage Web App, Launched",,
,https://blog.union.co/muzak-myimage-web-app-launched,
,,"In Recent Work by Union on May 05, 2008"
We got to sit with the Price's at the Charlotte Center City Vision Awards!,,
,https://blog.union.co/we-got-to-sit-with-the-prices-at-the-charlotte-center-city-vision-awards,
,,"In Company News by Christy Holland on April 24, 2008"
Constructing Usable URLs,,
,https://blog.union.co/constructing-usable-urls,
,,"In Tutorials by Union on April 23, 2008"
Senior Seminar,,
,https://blog.union.co/senior-seminar,
,,"In Company News by Banks Wilson on April 17, 2008"
Starbucks Coffee At Home,,
,https://blog.union.co/starbucks-coffee-at-home,
,,"In Culture by Union Development on April 10, 2008"
Help Us Name This Thing,,
,https://blog.union.co/help-us-name-this-thing,
,,"In Company News by Banks Wilson on April 08, 2008"
"Muzak ID Microsite, The Ultimate Mixtape",,
,https://blog.union.co/muzak-id-microsite-the-ultimate-mixtape,
,,"In Recent Work by Union on April 07, 2008"
Branding,,
,https://blog.union.co/branding,
,,"In Strategy Insights by Banks Wilson on April 04, 2008"
Shenanigans: Book of Lists,,
,https://blog.union.co/shenanigans-book-of-lists,
,,"In Company News by Union on April 03, 2008"
Muzak Expressions,,
,https://blog.union.co/muzak-expressions,
,,"In Recent Work by Union Development on March 31, 2008"
Union (formerly Studiobanks) Desktop Wallpapers,,
,https://blog.union.co/studiobanks-desktop-wallpapers,
,,"In Company News by Union on March 28, 2008"
New Union (formerly Studiobanks) T-Shirts are Here!,,
,https://blog.union.co/new-studiobanks-t-shirts-are-here,
,,"In Company News by Union on March 10, 2008"
Union (formerly Studiobanks) Receives 7 ADDY Awards,,
,https://blog.union.co/studiobanks-receives-7-addy-awards,
,,"In Company News by Union on March 10, 2008"
Bouvier Kelly Website Launched,,
,https://blog.union.co/bouvier-kelly-website-launched,
,,"In Recent Work by Banks Wilson on March 07, 2008"
Bourbon Boards - Next Big Thing Article,,
,https://blog.union.co/bourbon-boards-next-big-thing-article,
,,"In Company News by Christy Holland on March 05, 2008"
"Rodgers Builders Website, Building Sites",,
,https://blog.union.co/rodgers-builders-website-building-sites,
,,"In Recent Work by Union on March 03, 2008"
We're ADDY Sponsors!,,
,https://blog.union.co/were-addy-sponsors,
,,"In Company News by Union Development on February 15, 2008"
Bourbon Boards Website Launched,,
,https://blog.union.co/bourbon-boards-website-launched,
,,"In Recent Work by Banks Wilson on February 14, 2008"
"""Plastic Soup""",,
,https://blog.union.co/plastic-soup,
,,"In Company News by Union on February 11, 2008"
"Franklin Graham Festivals Website, Let The Festivities Begin!",,
,https://blog.union.co/franklin-graham-festivals-website-let-the-festivities-begin,
,,"In Recent Work by Union on February 04, 2008"
"Asana Holds a Media Night, Launches New Website",,
,https://blog.union.co/asana-holds-a-media-night-launches-new-website,
,,"In Recent Work by Banks Wilson on February 01, 2008"
"Checkers Unveil a New, Tougher Logo",,
,https://blog.union.co/checkers-unveil-a-new-tougher-logo,
,,"In by Banks Wilson on January 16, 2008"
Design Lecture by Muzak Design Team,,
,https://blog.union.co/design-lecture-by-muzak-design-team,
,,"In Company News by Banks Wilson on January 14, 2008"
Who is Keeping You Down and Holding You Back?,,
,https://blog.union.co/who-is-keeping-you-down-and-holding-you-back,
,,"In Recent Work by Banks Wilson on January 11, 2008"
"Eric Hunter Website, Rock On!",,
,https://blog.union.co/eric-hunter-website-rock-on,
,,"In Recent Work by Union on January 07, 2008"
CommandShift3,,
,https://blog.union.co/commandshift3,
,,"In Strategy Insights by Union on January 03, 2008"
Whiskerino,,
,https://blog.union.co/whiskerino,
,,"In Company News by Union on January 02, 2008"
WriteMaps Sitemap Application,,
,https://blog.union.co/writemaps-sitemap-application,
,,"In Tutorials by Union Development on December 21, 2007"
2007 Holiday Party,,
,https://blog.union.co/2007-holiday-party,
,,"In Company News by Union on December 20, 2007"
9-Slice Scaling in Flash,,
,https://blog.union.co/9-slice-scaling-in-flash,
,,"In Tutorials by Union Development on December 06, 2007"
Dilworth Billiards Website Launch,,
,https://blog.union.co/dilworth-billiards-website-launch,
,,"In Recent Work by Christy Holland on December 06, 2007"
Muzak Voice & Music Press Release,,
,https://blog.union.co/muzak-voice-music-press-release,
,,"In Recent Work by Christy Holland on December 03, 2007"
Papervision3D,,
,https://blog.union.co/papervision3d,
,,"In Strategy Insights by Union Development on December 03, 2007"
Grid Layout on the Web,,
,https://blog.union.co/grid-layout-on-the-web,
,,"In by Union on November 29, 2007"
5 SEO Tips to Consider While Planning a Website,,
,https://blog.union.co/5-seo-tips-to-consider-while-planning-a-website,
,,"In by Union on November 26, 2007"
Muzak Voice & Music Websites Launch,,
,https://blog.union.co/muzak-voice-music-websites-launch,
,,"In Recent Work by Christy Holland on November 13, 2007"
Our upgrade to Leopard,,
,https://blog.union.co/our-upgrade-to-leopard,
,,"In Culture by Banks Wilson on November 09, 2007"
Varji & Varji Website Launched,,
,https://blog.union.co/varji-varji-website-launched,
,,"In Recent Work by Christy Holland on November 06, 2007"
Deep Linking in Flash,,
,https://blog.union.co/deep-linking-in-flash,
,,"In Tutorials by Union Development on November 05, 2007"
Charlotte Ad Club Unveils New Name & Web Site Design,,
,https://blog.union.co/charlotte-ad-club-unveils-new-name-web-site-design,
,,"In Recent Work by Union on November 01, 2007"
Design Un-Plugged: A Panel Discussion with the Women of Charlotte Design,,
,https://blog.union.co/design-un-plugged-a-panel-discussion-with-the-women-of-charlotte-design,
,,"In Company News by Christy Holland on October 31, 2007"
Know When to Say No,,
,https://blog.union.co/know-when-to-say-no,
,,"In Tutorials by Banks Wilson on October 22, 2007"
Lecture at Union (formerly Studiobanks),,
,https://blog.union.co/lecture-at-studiobanks,
,,"In Company News by Banks Wilson on October 12, 2007"
Carolina Theatre to be Restored,,
,https://blog.union.co/carolina-theatre-to-be-restored,
,,"In by Banks Wilson on October 09, 2007"
WiiCade Remote API,,
,https://blog.union.co/wiicade-remote-api,
,,"In Tutorials by Union Development on September 28, 2007"
Michael Glasshoff Joins Union (formerly Studiobanks),,
,https://blog.union.co/michael-glasshoff-joins-studiobanks,
,,"In Company News by Union on September 27, 2007"
What Do You Want to Know?,,
,https://blog.union.co/what-do-you-want-to-know,
,,"In Company News by Banks Wilson on September 26, 2007"
QBN Sessions,,
,https://blog.union.co/qbn-sessions,
,,"In Strategy Insights by Union on September 25, 2007"
The Light Factory,,
,https://blog.union.co/the-light-factory,
,,"In Company News by Banks Wilson on September 20, 2007"
Zobo.tv Launched!,,
,https://blog.union.co/zobotv-launched,
,,"In Recent Work by Christy Holland on September 16, 2007"
Top 5 things to never do when inquiring about a graphic design position,,
,https://blog.union.co/top-5-things-to-never-do-when-inquiring-about-a-graphic-design-position,
,,"In Tutorials by Banks Wilson on September 14, 2007"
Aegis Brand Development Project Complete,,
,https://blog.union.co/aegis-brand-development-project-complete,
,,"In Recent Work by Christy Holland on September 13, 2007"
The New AAF Charlotte,,
,https://blog.union.co/the-new-aaf-charlotte,
,,"In Recent Work by Union on August 20, 2007"
Timepost Gets Noticed,,
,https://blog.union.co/timepost-gets-noticed,
,,"In Company News by Banks Wilson on August 12, 2007"
Heels.com,,
,https://blog.union.co/heelscom,
,,"In Recent Work by Banks Wilson on August 09, 2007"
Keen Keyboard Shortcuts,,
,https://blog.union.co/keen-keyboard-shortcuts,
,,"In Tutorials by Union Development on August 06, 2007"
No More Soup For You!,,
,https://blog.union.co/no-more-soup-for-you,
,,"In by Banks Wilson on July 24, 2007"
Hillman Curtis - Artist Documentary Series,,
,https://blog.union.co/hillman-curtis-artist-documentary-series,
,,"In Tutorials by Christy Holland on July 23, 2007"
Michael Wuori Joins Union (formerly Studiobanks),,
,https://blog.union.co/michael-wuori-joins-studiobanks,
,,"In Company News by Union on July 16, 2007"
Muzak,,
,https://blog.union.co/muzak,
,,"In Recent Work by Christy Holland on July 11, 2007"
Southern Comfort Logo,,
,https://blog.union.co/southern-comfort-logo,
,,"In Recent Work by Christy Holland on July 10, 2007"
The Right Way to Brainstorm,,
,https://blog.union.co/the-right-way-to-brainstorm,
,,"In Tutorials by Banks Wilson on July 09, 2007"
Kubilins.com Launched,,
,https://blog.union.co/kubilinscom-launched,
,,"In Recent Work by Christy Holland on July 05, 2007"
MTV Hats,,
,https://blog.union.co/mtv-hats,
,,"In Strategy Insights by Union on July 03, 2007"
Google Analytics Redesign,,
,https://blog.union.co/google-analytics-redesign,
,,"In Strategy Insights by Union on June 22, 2007"
"Carolina Nightlife Recognized as a 2006 Charlotte Magazine ""Best of the Best"" Recipient",,
,https://blog.union.co/carolina-nightlife-recognized-as-a-2006-charlotte-magazine-best-of-the-best-recipient,
,,"In Company News by Union on June 21, 2007"
37 Signals article in TIME Magazine,,
,https://blog.union.co/37-signals-article-in-time-magazine,
,,"In by Christy Holland on June 20, 2007"
Varji & Varji Salon and Spa,,
,https://blog.union.co/varji-varji-salon-and-spa,
,,"In Recent Work by Christy Holland on June 14, 2007"
Greg Biffle Website - Top NASCAR Driver,,
,https://blog.union.co/greg-biffle-website-top-nascar-driver,
,,"In Recent Work by Christy Holland on May 31, 2007"
"Business in the Front, Party in the Back",,
,https://blog.union.co/business-in-the-front-party-in-the-back,
,,"In Company News by Banks Wilson on May 30, 2007"
HTML 5 vs XHTML 2,,
,https://blog.union.co/html-5-vs-xhtml-2,
,,"In Strategy Insights by Union on May 18, 2007"
Asana's New Logo,,
,https://blog.union.co/asanas-new-logo,
,,"In Recent Work by Christy Holland on May 18, 2007"
We Love The Avett Brothers,,
,https://blog.union.co/we-love-the-avett-brothers,
,,"In by Union on May 17, 2007"
Party Crashing,,
,https://blog.union.co/party-crashing,
,,"In Company News by Banks Wilson on May 11, 2007"
Microsoft Continues to be an Inglorious Copycat,,
,https://blog.union.co/microsoft-continues-to-be-an-inglorious-copycat,
,,"In Strategy Insights by Union on May 09, 2007"
Asana Activewear,,
,https://blog.union.co/asana-activewear,
,,"In Recent Work by Christy Holland on May 09, 2007"
Greg Biffle Site - Making History in NASCAR,,
,https://blog.union.co/greg-biffle-site-making-history-in-nascar,
,,"In Recent Work by Christy Holland on May 08, 2007"
How I Survive Creative Burnout,,
,https://blog.union.co/how-i-survive-creative-burnout,
,,"In Tutorials by Union on May 07, 2007"
The New AIGA.org CMS,,
,https://blog.union.co/the-new-aigaorg-cms,
,,"In Culture by Union on May 03, 2007"
Winestore Earns BOB Award,,
,https://blog.union.co/winestore-earns-bob-award,
,,"In Company News by Banks Wilson on May 03, 2007"
Top 10 Most Commonly Used Passwords,,
,https://blog.union.co/top-10-most-commonly-used-passwords,
,,"In Strategy Insights by Banks Wilson on April 30, 2007"
Southern Comfort - Custom Home Builder,,
,https://blog.union.co/southern-comfort-custom-home-builder,
,,"In Recent Work by Christy Holland on April 25, 2007"
"The Web Design Survey, 2007",,
,https://blog.union.co/the-web-design-survey-2007,
,,"In Strategy Insights by Union on April 25, 2007"
ExpressionEngine Redesign,,
,https://blog.union.co/expressionengine-redesign,
,,"In Strategy Insights by Union on April 24, 2007"
Bobcats the Butt of Joke on Entourage,,
,https://blog.union.co/bobcats-the-butt-of-joke-on-entourage,
,,"In by Banks Wilson on April 24, 2007"
Pixel Tools in Flash,,
,https://blog.union.co/pixel-tools-in-flash,
,,"In Tutorials by Union Development on April 13, 2007"
Zobo.tv,,
,https://blog.union.co/zobotv,
,,"In Recent Work by Christy Holland on April 05, 2007"
Building Trust in a Brand,,
,https://blog.union.co/building-trust-in-a-brand,
,,"In Strategy Insights by Banks Wilson on April 05, 2007"
Kubilins Transportation Group,,
,https://blog.union.co/kubilins-transportation-group,
,,"In Recent Work by Christy Holland on April 01, 2007"
Design Un-Plugged: A Panel Discussion with Charlotte Studio Owners,,
,https://blog.union.co/design-un-plugged-a-panel-discussion-with-charlotte-studio-owners,
,,"In Company News by Banks Wilson on March 30, 2007"
Silver and Gold Befall Charlotte Shop,,
,https://blog.union.co/silver-and-gold-befall-charlotte-shop,
,,"In Company News by Banks Wilson on March 27, 2007"
Aegis Funds Management,,
,https://blog.union.co/aegis-funds-management,
,,"In Recent Work by Christy Holland on February 10, 2007"
"Edit at Joe's Website, Watch and Learn",,
,https://blog.union.co/edit-at-joes-website-watch-and-learn,
,,"In Recent Work by Union on January 01, 2007"
"Charlotte Observer ""Best Holiday Card""",,
,https://blog.union.co/charlotte-observer-best-holiday-card,
,,"In Company News by Union on December 21, 2006"
Year-End Recap,,
,https://blog.union.co/year-end-recap,
,,"In Company News by Union on December 15, 2006"
Business Journal's Top 25,,
,https://blog.union.co/business-journals-top-25,
,,"In Company News by Union on November 15, 2006"
Union Launches New Website for Opera Carolina,,
,https://blog.union.co/studiobanks-launches-new-website-for-opera-carolina,
,,"In Recent Work by Banks Wilson on May 30, 2006"
Union (formerly Studiobanks) Opens New Southend Office and Expands it's Creative Team,,
,https://blog.union.co/studiobanks-opens-new-southend-office-and-expands-its-creative-team,
,,"In Company News by Banks Wilson on May 01, 2006"
Best of Show,,
,https://blog.union.co/best-of-show,
,,"In Company News by Union on March 13, 2006"
Top Honors at ADDY Awards Show,,
,https://blog.union.co/top-honors-at-addy-awards-show,
,,"In Company News by Banks Wilson on March 10, 2006"
New Studio!,,
,https://blog.union.co/new-studio,
,,"In Company News by Union on March 01, 2006"
Addy's and Opera Carolina,,
,https://blog.union.co/addys-and-opera-carolina,
,,"In Company News by Union on February 21, 2006"
"Reaching Quiet Website, Reaching Customers",,
,https://blog.union.co/reaching-quiet-website-reaching-customers,
,,"In Recent Work by Union on January 02, 2006"
Two New Additions,,
,https://blog.union.co/two-new-additions,
,,"In Company News by Union on October 09, 2005"
Urbana Cityspa & Teabar,,
,https://blog.union.co/urbana-cityspa-teabar,
,,"In Recent Work by Union on August 11, 2005"
Hard At Work,,
,https://blog.union.co/hard-at-work,
,,"In Company News by Union on June 06, 2005"
Union Nabs Two ADDY Awards,,
,https://blog.union.co/studiobanks-nabs-two-addy-awards,
,,"In Company News by Banks Wilson on February 25, 2005"
2005 Addy Awards,,
,https://blog.union.co/2005-addy-awards,
,,"In Company News by Union on February 21, 2005"
Focus on Redesigning Communication,,
,https://blog.union.co/focus-on-redesigning-communication,
,,"In Company News by Banks Wilson on January 07, 2005"
"Urbana Cityspa & Teabar Website, Spa & the City",,
,https://blog.union.co/urbana-cityspa-and-teabar-website-spa-and-the-city,
,,"In Recent Work by Union on January 03, 2005"
Union (formerly Studiobanks) Version 3,,
,https://blog.union.co/studiobanks-version-3,
,,"In Company News by Union on December 31, 2004"
Stone Ridge Tavern,,
,https://blog.union.co/stone-ridge-tavern,
,,"In Recent Work by Union on November 20, 2004"
Reddoor Entertainment,,
,https://blog.union.co/reddoor-entertainment,
,,"In Recent Work by Union on September 02, 2004"
Steelroots,,
,https://blog.union.co/steelroots,
,,"In Recent Work by Union on August 10, 2004"
Top 25 Book Of Lists,,
,https://blog.union.co/top-25-book-of-lists,
,,"In Company News by Union on July 30, 2004"
Col-Met,,
,https://blog.union.co/col-met,
,,"In Recent Work by Union on June 14, 2004"
Rick Crawford and SEM,,
,https://blog.union.co/rick-crawford-and-sem,
,,"In Recent Work by Union on May 17, 2004"
New Employee Ben Visser,,
,https://blog.union.co/new-employee-ben-visser,
,,"In Company News by Union on February 17, 2004"
MediaComm Redesign,,
,https://blog.union.co/mediacomm-redesign,
,,"In Recent Work by Union on February 09, 2004"